﻿<?xml version="1.0" encoding="utf-8" ?>



<root>
    <element Id="IUserService" Service="FY.Service.IUserService, FY.Service" Class="FY.Component.UserComponent, FY.Component"></element>

    <element Id="ISystemFunctionService" Service="FY.Service.ISystemFunctionService, FY.Service" Class="FY.Component.SystemFunctionComponent, FY.Component"></element>

    <element Id="IRoleService" Service="FY.Service.IRoleService, FY.Service" Class="FY.Component.RoleComponent, FY.Component"></element>

    <element Id="IKindService" Service="FY.Service.IKindService, FY.Service" Class="FY.Component.KindComponent, FY.Component"></element>

    <element Id="IGoodsService" Service="FY.Service.IGoodsService, FY.Service" Class="FY.Component.GoodsComponent, FY.Component"></element>

    <element Id="IOutRecordService" Service="FY.Service.IOutRecordService, FY.Service" Class="FY.Component.OutRecordComponent, FY.Component"></element>

    <element Id="IInnRecordService" Service="FY.Service.IInnRecordService, FY.Service" Class="FY.Component.InnRecordComponent, FY.Component"></element>
  
    <element Id="IOutRecordsService" Service="FY.Service.IOutRecordsService, FY.Service" Class="FY.Component.OutRecordsComponent, FY.Component"></element>

    <element Id="IInnRecordsService" Service="FY.Service.IInnRecordsService, FY.Service" Class="FY.Component.InnRecordsComponent, FY.Component"></element>

    <element Id="IBillService" Service="FY.Service.IBillService, FY.Service" Class="FY.Component.BillComponent, FY.Component"></element>

    <element Id="ICustomerService" Service="FY.Service.ICustomerService, FY.Service" Class="FY.Component.CustomerComponent, FY.Component"></element>
</root>
